id,name,email
1,User1,user1@example.com
2,User2,user2@example.com
3,User3,user3@example.com
4,User4,user4@example.com
5,User5,user5@example.com
6,User6,user6@example.com
7,User7,user7@example.com
8,User8,user8@example.com
9,User9,user9@example.com
10,User10,user10@example.com
11,User11,user11@example.com
12,User12,user12@example.com
13,User13,user13@example.com
14,User14,user14@example.com
15,User15,user15@example.com
16,User16,user16@example.com
17,User17,user17@example.com
18,User18,user18@example.com
19,User19,user19@example.com
20,User20,user20@example.com
21,User21,user21@example.com
22,User22,user22@example.com
23,User23,user23@example.com
24,User24,user24@example.com
25,User25,user25@example.com
26,User26,user26@example.com
27,User27,user27@example.com
28,User28,user28@example.com
29,User29,user29@example.com
30,User30,user30@example.com
31,User31,user31@example.com
32,User32,user32@example.com
33,User33,user33@example.com
34,User34,user34@example.com
35,User35,user35@example.com
36,User36,user36@example.com
37,User37,user37@example.com
38,User38,user38@example.com
39,User39,user39@example.com
40,User40,user40@example.com
41,User41,user41@example.com
42,User42,user42@example.com
43,User43,user43@example.com
44,User44,user44@example.com
45,User45,user45@example.com
46,User46,user46@example.com
47,User47,user47@example.com
48,User48,user48@example.com
49,User49,user49@example.com
50,User50,user50@example.com
51,User51,user51@example.com
52,User52,user52@example.com
53,User53,user53@example.com
54,User54,user54@example.com
55,User55,user55@example.com
56,User56,user56@example.com
57,User57,user57@example.com
58,User58,user58@example.com
59,User59,user59@example.com
60,User60,user60@example.com
61,User61,user61@example.com
62,User62,user62@example.com
63,User63,user63@example.com
64,User64,user64@example.com
65,User65,user65@example.com
66,User66,user66@example.com
67,User67,user67@example.com
68,User68,user68@example.com
69,User69,user69@example.com
70,User70,user70@example.com
71,User71,user71@example.com
72,User72,user72@example.com
73,User73,user73@example.com
74,User74,user74@example.com
75,User75,user75@example.com
76,User76,user76@example.com
77,User77,user77@example.com
78,User78,user78@example.com
79,User79,user79@example.com
80,User80,user80@example.com
81,User81,user81@example.com
82,User82,user82@example.com
83,User83,user83@example.com
84,User84,user84@example.com
85,User85,user85@example.com
86,User86,user86@example.com
87,User87,user87@example.com
88,User88,user88@example.com
89,User89,user89@example.com
90,User90,user90@example.com
91,User91,user91@example.com
92,User92,user92@example.com
93,User93,user93@example.com
94,User94,user94@example.com
95,User95,user95@example.com
96,User96,user96@example.com
97,User97,user97@example.com
98,User98,user98@example.com
99,User99,user99@example.com
100,User100,user100@example.com
101,User101,user101@example.com
102,User102,user102@example.com
103,User103,user103@example.com
104,User104,user104@example.com
105,User105,user105@example.com
106,User106,user106@example.com
107,User107,user107@example.com
108,User108,user108@example.com
109,User109,user109@example.com
110,User110,user110@example.com
111,User111,user111@example.com
112,User112,user112@example.com
113,User113,user113@example.com
114,User114,user114@example.com
115,User115,user115@example.com
116,User116,user116@example.com
117,User117,user117@example.com
118,User118,user118@example.com
119,User119,user119@example.com
120,User120,user120@example.com
121,User121,user121@example.com
122,User122,user122@example.com
123,User123,user123@example.com
124,User124,user124@example.com
125,User125,user125@example.com
126,User126,user126@example.com
127,User127,user127@example.com
128,User128,user128@example.com
129,User129,user129@example.com
130,User130,user130@example.com
131,User131,user131@example.com
132,User132,user132@example.com
133,User133,user133@example.com
134,User134,user134@example.com
135,User135,user135@example.com
136,User136,user136@example.com
137,User137,user137@example.com
138,User138,user138@example.com
139,User139,user139@example.com
140,User140,user140@example.com
141,User141,user141@example.com
142,User142,user142@example.com
143,User143,user143@example.com
144,User144,user144@example.com
145,User145,user145@example.com
146,User146,user146@example.com
147,User147,user147@example.com
148,User148,user148@example.com
149,User149,user149@example.com
150,User150,user150@example.com
151,User151,user151@example.com
152,User152,user152@example.com
153,User153,user153@example.com
154,User154,user154@example.com
155,User155,user155@example.com
156,User156,user156@example.com
157,User157,user157@example.com
158,User158,user158@example.com
159,User159,user159@example.com
160,User160,user160@example.com
161,User161,user161@example.com
162,User162,user162@example.com
163,User163,user163@example.com
164,User164,user164@example.com
165,User165,user165@example.com
166,User166,user166@example.com
167,User167,user167@example.com
168,User168,user168@example.com
169,User169,user169@example.com
170,User170,user170@example.com
171,User171,user171@example.com
172,User172,user172@example.com
173,User173,user173@example.com
174,User174,user174@example.com
175,User175,user175@example.com
176,User176,user176@example.com
177,User177,user177@example.com
178,User178,user178@example.com
179,User179,user179@example.com
180,User180,user180@example.com
181,User181,user181@example.com
182,User182,user182@example.com
183,User183,user183@example.com
184,User184,user184@example.com
185,User185,user185@example.com
186,User186,user186@example.com
187,User187,user187@example.com
188,User188,user188@example.com
189,User189,user189@example.com
190,User190,user190@example.com
191,User191,user191@example.com
192,User192,user192@example.com
193,User193,user193@example.com
194,User194,user194@example.com
195,User195,user195@example.com
196,User196,user196@example.com
197,User197,user197@example.com
198,User198,user198@example.com
199,User199,user199@example.com
200,User200,user200@example.com
201,User201,user201@example.com
202,User202,user202@example.com
203,User203,user203@example.com
204,User204,user204@example.com
205,User205,user205@example.com
206,User206,user206@example.com
207,User207,user207@example.com
208,User208,user208@example.com
209,User209,user209@example.com
210,User210,user210@example.com
211,User211,user211@example.com
212,User212,user212@example.com
213,User213,user213@example.com
214,User214,user214@example.com
215,User215,user215@example.com
216,User216,user216@example.com
217,User217,user217@example.com
218,User218,user218@example.com
219,User219,user219@example.com
220,User220,user220@example.com
221,User221,user221@example.com
222,User222,user222@example.com
223,User223,user223@example.com
224,User224,user224@example.com
225,User225,user225@example.com
226,User226,user226@example.com
227,User227,user227@example.com
228,User228,user228@example.com
229,User229,user229@example.com
230,User230,user230@example.com
231,User231,user231@example.com
232,User232,user232@example.com
233,User233,user233@example.com
234,User234,user234@example.com
235,User235,user235@example.com
236,User236,user236@example.com
237,User237,user237@example.com
238,User238,user238@example.com
239,User239,user239@example.com
240,User240,user240@example.com
241,User241,user241@example.com
242,User242,user242@example.com
243,User243,user243@example.com
244,User244,user244@example.com
245,User245,user245@example.com
246,User246,user246@example.com
247,User247,user247@example.com
248,User248,user248@example.com
249,User249,user249@example.com
250,User250,user250@example.com
251,User251,user251@example.com
252,User252,user252@example.com
253,User253,user253@example.com
254,User254,user254@example.com
255,User255,user255@example.com
256,User256,user256@example.com
257,User257,user257@example.com
258,User258,user258@example.com
259,User259,user259@example.com
260,User260,user260@example.com
261,User261,user261@example.com
262,User262,user262@example.com
263,User263,user263@example.com
264,User264,user264@example.com
265,User265,user265@example.com
266,User266,user266@example.com
267,User267,user267@example.com
268,User268,user268@example.com
269,User269,user269@example.com
270,User270,user270@example.com
271,User271,user271@example.com
272,User272,user272@example.com
273,User273,user273@example.com
274,User274,user274@example.com
275,User275,user275@example.com
276,User276,user276@example.com
277,User277,user277@example.com
278,User278,user278@example.com
279,User279,user279@example.com
280,User280,user280@example.com
281,User281,user281@example.com
282,User282,user282@example.com
283,User283,user283@example.com
284,User284,user284@example.com
285,User285,user285@example.com
286,User286,user286@example.com
287,User287,user287@example.com
288,User288,user288@example.com
289,User289,user289@example.com
290,User290,user290@example.com
291,User291,user291@example.com
292,User292,user292@example.com
293,User293,user293@example.com
294,User294,user294@example.com
295,User295,user295@example.com
296,User296,user296@example.com
297,User297,user297@example.com
298,User298,user298@example.com
299,User299,user299@example.com
300,User300,user300@example.com
301,User301,user301@example.com
302,User302,user302@example.com
303,User303,user303@example.com
304,User304,user304@example.com
305,User305,user305@example.com
306,User306,user306@example.com
307,User307,user307@example.com
308,User308,user308@example.com
309,User309,user309@example.com
310,User310,user310@example.com
311,User311,user311@example.com
312,User312,user312@example.com
313,User313,user313@example.com
314,User314,user314@example.com
315,User315,user315@example.com
316,User316,user316@example.com
317,User317,user317@example.com
318,User318,user318@example.com
319,User319,user319@example.com
320,User320,user320@example.com
321,User321,user321@example.com
322,User322,user322@example.com
323,User323,user323@example.com
324,User324,user324@example.com
325,User325,user325@example.com
326,User326,user326@example.com
327,User327,user327@example.com
328,User328,user328@example.com
329,User329,user329@example.com
330,User330,user330@example.com
331,User331,user331@example.com
332,User332,user332@example.com
333,User333,user333@example.com
334,User334,user334@example.com
335,User335,user335@example.com
336,User336,user336@example.com
337,User337,user337@example.com
338,User338,user338@example.com
339,User339,user339@example.com
340,User340,user340@example.com
341,User341,user341@example.com
342,User342,user342@example.com
343,User343,user343@example.com
344,User344,user344@example.com
345,User345,user345@example.com
346,User346,user346@example.com
347,User347,user347@example.com
348,User348,user348@example.com
349,User349,user349@example.com
350,User350,user350@example.com
351,User351,user351@example.com
352,User352,user352@example.com
353,User353,user353@example.com
354,User354,user354@example.com
355,User355,user355@example.com
356,User356,user356@example.com
357,User357,user357@example.com
358,User358,user358@example.com
359,User359,user359@example.com
360,User360,user360@example.com
361,User361,user361@example.com
362,User362,user362@example.com
363,User363,user363@example.com
364,User364,user364@example.com
365,User365,user365@example.com
366,User366,user366@example.com
367,User367,user367@example.com
368,User368,user368@example.com
369,User369,user369@example.com
370,User370,user370@example.com
371,User371,user371@example.com
372,User372,user372@example.com
373,User373,user373@example.com
374,User374,user374@example.com
375,User375,user375@example.com
376,User376,user376@example.com
377,User377,user377@example.com
378,User378,user378@example.com
379,User379,user379@example.com
380,User380,user380@example.com
381,User381,user381@example.com
382,User382,user382@example.com
383,User383,user383@example.com
384,User384,user384@example.com
385,User385,user385@example.com
386,User386,user386@example.com
387,User387,user387@example.com
388,User388,user388@example.com
389,User389,user389@example.com
390,User390,user390@example.com
391,User391,user391@example.com
392,User392,user392@example.com
393,User393,user393@example.com
394,User394,user394@example.com
395,User395,user395@example.com
396,User396,user396@example.com
397,User397,user397@example.com
398,User398,user398@example.com
399,User399,user399@example.com
400,User400,user400@example.com
401,User401,user401@example.com
402,User402,user402@example.com
403,User403,user403@example.com
404,User404,user404@example.com
405,User405,user405@example.com
406,User406,user406@example.com
407,User407,user407@example.com
408,User408,user408@example.com
409,User409,user409@example.com
410,User410,user410@example.com
411,User411,user411@example.com
412,User412,user412@example.com
413,User413,user413@example.com
414,User414,user414@example.com
415,User415,user415@example.com
416,User416,user416@example.com
417,User417,user417@example.com
418,User418,user418@example.com
419,User419,user419@example.com
420,User420,user420@example.com
421,User421,user421@example.com
422,User422,user422@example.com
423,User423,user423@example.com
424,User424,user424@example.com
425,User425,user425@example.com
426,User426,user426@example.com
427,User427,user427@example.com
428,User428,user428@example.com
429,User429,user429@example.com
430,User430,user430@example.com
431,User431,user431@example.com
432,User432,user432@example.com
433,User433,user433@example.com
434,User434,user434@example.com
435,User435,user435@example.com
436,User436,user436@example.com
437,User437,user437@example.com
438,User438,user438@example.com
439,User439,user439@example.com
440,User440,user440@example.com
441,User441,user441@example.com
442,User442,user442@example.com
443,User443,user443@example.com
444,User444,user444@example.com
445,User445,user445@example.com
446,User446,user446@example.com
447,User447,user447@example.com
448,User448,user448@example.com
449,User449,user449@example.com
450,User450,user450@example.com
451,User451,user451@example.com
452,User452,user452@example.com
453,User453,user453@example.com
454,User454,user454@example.com
455,User455,user455@example.com
456,User456,user456@example.com
457,User457,user457@example.com
458,User458,user458@example.com
459,User459,user459@example.com
460,User460,user460@example.com
461,User461,user461@example.com
462,User462,user462@example.com
463,User463,user463@example.com
464,User464,user464@example.com
465,User465,user465@example.com
466,User466,user466@example.com
467,User467,user467@example.com
468,User468,user468@example.com
469,User469,user469@example.com
470,User470,user470@example.com
471,User471,user471@example.com
472,User472,user472@example.com
473,User473,user473@example.com
474,User474,user474@example.com
475,User475,user475@example.com
476,User476,user476@example.com
477,User477,user477@example.com
478,User478,user478@example.com
479,User479,user479@example.com
480,User480,user480@example.com
481,User481,user481@example.com
482,User482,user482@example.com
483,User483,user483@example.com
484,User484,user484@example.com
485,User485,user485@example.com
486,User486,user486@example.com
487,User487,user487@example.com
488,User488,user488@example.com
489,User489,user489@example.com
490,User490,user490@example.com
491,User491,user491@example.com
492,User492,user492@example.com
493,User493,user493@example.com
494,User494,user494@example.com
495,User495,user495@example.com
496,User496,user496@example.com
497,User497,user497@example.com
498,User498,user498@example.com
499,User499,user499@example.com
500,User500,user500@example.com
501,User501,user501@example.com
502,User502,user502@example.com
503,User503,user503@example.com
504,User504,user504@example.com
505,User505,user505@example.com
506,User506,user506@example.com
507,User507,user507@example.com
508,User508,user508@example.com
509,User509,user509@example.com
510,User510,user510@example.com
511,User511,user511@example.com
512,User512,user512@example.com
513,User513,user513@example.com
514,User514,user514@example.com
515,User515,user515@example.com
516,User516,user516@example.com
517,User517,user517@example.com
518,User518,user518@example.com
519,User519,user519@example.com
520,User520,user520@example.com
521,User521,user521@example.com
522,User522,user522@example.com
523,User523,user523@example.com
524,User524,user524@example.com
525,User525,user525@example.com
526,User526,user526@example.com
527,User527,user527@example.com
528,User528,user528@example.com
529,User529,user529@example.com
530,User530,user530@example.com
531,User531,user531@example.com
532,User532,user532@example.com
533,User533,user533@example.com
534,User534,user534@example.com
535,User535,user535@example.com
536,User536,user536@example.com
537,User537,user537@example.com
538,User538,user538@example.com
539,User539,user539@example.com
540,User540,user540@example.com
541,User541,user541@example.com
542,User542,user542@example.com
543,User543,user543@example.com
544,User544,user544@example.com
545,User545,user545@example.com
546,User546,user546@example.com
547,User547,user547@example.com
548,User548,user548@example.com
549,User549,user549@example.com
550,User550,user550@example.com
551,User551,user551@example.com
552,User552,user552@example.com
553,User553,user553@example.com
554,User554,user554@example.com
555,User555,user555@example.com
556,User556,user556@example.com
557,User557,user557@example.com
558,User558,user558@example.com
559,User559,user559@example.com
560,User560,user560@example.com
561,User561,user561@example.com
562,User562,user562@example.com
563,User563,user563@example.com
564,User564,user564@example.com
565,User565,user565@example.com
566,User566,user566@example.com
567,User567,user567@example.com
568,User568,user568@example.com
569,User569,user569@example.com
570,User570,user570@example.com
571,User571,user571@example.com
572,User572,user572@example.com
573,User573,user573@example.com
574,User574,user574@example.com
575,User575,user575@example.com
576,User576,user576@example.com
577,User577,user577@example.com
578,User578,user578@example.com
579,User579,user579@example.com
580,User580,user580@example.com
581,User581,user581@example.com
582,User582,user582@example.com
583,User583,user583@example.com
584,User584,user584@example.com
585,User585,user585@example.com
586,User586,user586@example.com
587,User587,user587@example.com
588,User588,user588@example.com
589,User589,user589@example.com
590,User590,user590@example.com
591,User591,user591@example.com
592,User592,user592@example.com
593,User593,user593@example.com
594,User594,user594@example.com
595,User595,user595@example.com
596,User596,user596@example.com
597,User597,user597@example.com
598,User598,user598@example.com
599,User599,user599@example.com
600,User600,user600@example.com
601,User601,user601@example.com
602,User602,user602@example.com
603,User603,user603@example.com
604,User604,user604@example.com
605,User605,user605@example.com
606,User606,user606@example.com
607,User607,user607@example.com
608,User608,user608@example.com
609,User609,user609@example.com
610,User610,user610@example.com
611,User611,user611@example.com
612,User612,user612@example.com
613,User613,user613@example.com
614,User614,user614@example.com
615,User615,user615@example.com
616,User616,user616@example.com
617,User617,user617@example.com
618,User618,user618@example.com
619,User619,user619@example.com
620,User620,user620@example.com
621,User621,user621@example.com
622,User622,user622@example.com
623,User623,user623@example.com
624,User624,user624@example.com
625,User625,user625@example.com
626,User626,user626@example.com
627,User627,user627@example.com
628,User628,user628@example.com
629,User629,user629@example.com
630,User630,user630@example.com
631,User631,user631@example.com
632,User632,user632@example.com
633,User633,user633@example.com
634,User634,user634@example.com
635,User635,user635@example.com
636,User636,user636@example.com
637,User637,user637@example.com
638,User638,user638@example.com
639,User639,user639@example.com
640,User640,user640@example.com
641,User641,user641@example.com
642,User642,user642@example.com
643,User643,user643@example.com
644,User644,user644@example.com
645,User645,user645@example.com
646,User646,user646@example.com
647,User647,user647@example.com
648,User648,user648@example.com
649,User649,user649@example.com
650,User650,user650@example.com
651,User651,user651@example.com
652,User652,user652@example.com
653,User653,user653@example.com
654,User654,user654@example.com
655,User655,user655@example.com
656,User656,user656@example.com
657,User657,user657@example.com
658,User658,user658@example.com
659,User659,user659@example.com
660,User660,user660@example.com
661,User661,user661@example.com
662,User662,user662@example.com
663,User663,user663@example.com
664,User664,user664@example.com
665,User665,user665@example.com
666,User666,user666@example.com
667,User667,user667@example.com
668,User668,user668@example.com
669,User669,user669@example.com
670,User670,user670@example.com
671,User671,user671@example.com
672,User672,user672@example.com
673,User673,user673@example.com
674,User674,user674@example.com
675,User675,user675@example.com
676,User676,user676@example.com
677,User677,user677@example.com
678,User678,user678@example.com
679,User679,user679@example.com
680,User680,user680@example.com
681,User681,user681@example.com
682,User682,user682@example.com
683,User683,user683@example.com
684,User684,user684@example.com
685,User685,user685@example.com
686,User686,user686@example.com
687,User687,user687@example.com
688,User688,user688@example.com
689,User689,user689@example.com
690,User690,user690@example.com
691,User691,user691@example.com
692,User692,user692@example.com
693,User693,user693@example.com
694,User694,user694@example.com
695,User695,user695@example.com
696,User696,user696@example.com
697,User697,user697@example.com
698,User698,user698@example.com
699,User699,user699@example.com
700,User700,user700@example.com
701,User701,user701@example.com
702,User702,user702@example.com
703,User703,user703@example.com
704,User704,user704@example.com
705,User705,user705@example.com
706,User706,user706@example.com
707,User707,user707@example.com
708,User708,user708@example.com
709,User709,user709@example.com
710,User710,user710@example.com
711,User711,user711@example.com
712,User712,user712@example.com
713,User713,user713@example.com
714,User714,user714@example.com
715,User715,user715@example.com
716,User716,user716@example.com
717,User717,user717@example.com
718,User718,user718@example.com
719,User719,user719@example.com
720,User720,user720@example.com
721,User721,user721@example.com
722,User722,user722@example.com
723,User723,user723@example.com
724,User724,user724@example.com
725,User725,user725@example.com
726,User726,user726@example.com
727,User727,user727@example.com
728,User728,user728@example.com
729,User729,user729@example.com
730,User730,user730@example.com
731,User731,user731@example.com
732,User732,user732@example.com
733,User733,user733@example.com
734,User734,user734@example.com
735,User735,user735@example.com
736,User736,user736@example.com
737,User737,user737@example.com
738,User738,user738@example.com
739,User739,user739@example.com
740,User740,user740@example.com
741,User741,user741@example.com
742,User742,user742@example.com
743,User743,user743@example.com
744,User744,user744@example.com
745,User745,user745@example.com
746,User746,user746@example.com
747,User747,user747@example.com
748,User748,user748@example.com
749,User749,user749@example.com
750,User750,user750@example.com
751,User751,user751@example.com
752,User752,user752@example.com
753,User753,user753@example.com
754,User754,user754@example.com
755,User755,user755@example.com
756,User756,user756@example.com
757,User757,user757@example.com
758,User758,user758@example.com
759,User759,user759@example.com
760,User760,user760@example.com
761,User761,user761@example.com
762,User762,user762@example.com
763,User763,user763@example.com
764,User764,user764@example.com
765,User765,user765@example.com
766,User766,user766@example.com
767,User767,user767@example.com
768,User768,user768@example.com
769,User769,user769@example.com
770,User770,user770@example.com
771,User771,user771@example.com
772,User772,user772@example.com
773,User773,user773@example.com
774,User774,user774@example.com
775,User775,user775@example.com
776,User776,user776@example.com
777,User777,user777@example.com
778,User778,user778@example.com
779,User779,user779@example.com
780,User780,user780@example.com
781,User781,user781@example.com
782,User782,user782@example.com
783,User783,user783@example.com
784,User784,user784@example.com
785,User785,user785@example.com
786,User786,user786@example.com
787,User787,user787@example.com
788,User788,user788@example.com
789,User789,user789@example.com
790,User790,user790@example.com
791,User791,user791@example.com
792,User792,user792@example.com
793,User793,user793@example.com
794,User794,user794@example.com
795,User795,user795@example.com
796,User796,user796@example.com
797,User797,user797@example.com
798,User798,user798@example.com
799,User799,user799@example.com
800,User800,user800@example.com
801,User801,user801@example.com
802,User802,user802@example.com
803,User803,user803@example.com
804,User804,user804@example.com
805,User805,user805@example.com
806,User806,user806@example.com
807,User807,user807@example.com
808,User808,user808@example.com
809,User809,user809@example.com
810,User810,user810@example.com
811,User811,user811@example.com
812,User812,user812@example.com
813,User813,user813@example.com
814,User814,user814@example.com
815,User815,user815@example.com
816,User816,user816@example.com
817,User817,user817@example.com
818,User818,user818@example.com
819,User819,user819@example.com
820,User820,user820@example.com
821,User821,user821@example.com
822,User822,user822@example.com
823,User823,user823@example.com
824,User824,user824@example.com
825,User825,user825@example.com
826,User826,user826@example.com
827,User827,user827@example.com
828,User828,user828@example.com
829,User829,user829@example.com
830,User830,user830@example.com
831,User831,user831@example.com
832,User832,user832@example.com
833,User833,user833@example.com
834,User834,user834@example.com
835,User835,user835@example.com
836,User836,user836@example.com
837,User837,user837@example.com
838,User838,user838@example.com
839,User839,user839@example.com
840,User840,user840@example.com
841,User841,user841@example.com
842,User842,user842@example.com
843,User843,user843@example.com
844,User844,user844@example.com
845,User845,user845@example.com
846,User846,user846@example.com
847,User847,user847@example.com
848,User848,user848@example.com
849,User849,user849@example.com
850,User850,user850@example.com
851,User851,user851@example.com
852,User852,user852@example.com
853,User853,user853@example.com
854,User854,user854@example.com
855,User855,user855@example.com
856,User856,user856@example.com
857,User857,user857@example.com
858,User858,user858@example.com
859,User859,user859@example.com
860,User860,user860@example.com
861,User861,user861@example.com
862,User862,user862@example.com
863,User863,user863@example.com
864,User864,user864@example.com
865,User865,user865@example.com
866,User866,user866@example.com
867,User867,user867@example.com
868,User868,user868@example.com
869,User869,user869@example.com
870,User870,user870@example.com
871,User871,user871@example.com
872,User872,user872@example.com
873,User873,user873@example.com
874,User874,user874@example.com
875,User875,user875@example.com
876,User876,user876@example.com
877,User877,user877@example.com
878,User878,user878@example.com
879,User879,user879@example.com
880,User880,user880@example.com
881,User881,user881@example.com
882,User882,user882@example.com
883,User883,user883@example.com
884,User884,user884@example.com
885,User885,user885@example.com
886,User886,user886@example.com
887,User887,user887@example.com
888,User888,user888@example.com
889,User889,user889@example.com
890,User890,user890@example.com
891,User891,user891@example.com
892,User892,user892@example.com
893,User893,user893@example.com
894,User894,user894@example.com
895,User895,user895@example.com
896,User896,user896@example.com
897,User897,user897@example.com
898,User898,user898@example.com
899,User899,user899@example.com
900,User900,user900@example.com
901,User901,user901@example.com
902,User902,user902@example.com
903,User903,user903@example.com
904,User904,user904@example.com
905,User905,user905@example.com
906,User906,user906@example.com
907,User907,user907@example.com
908,User908,user908@example.com
909,User909,user909@example.com
910,User910,user910@example.com
911,User911,user911@example.com
912,User912,user912@example.com
913,User913,user913@example.com
914,User914,user914@example.com
915,User915,user915@example.com
916,User916,user916@example.com
917,User917,user917@example.com
918,User918,user918@example.com
919,User919,user919@example.com
920,User920,user920@example.com
921,User921,user921@example.com
922,User922,user922@example.com
923,User923,user923@example.com
924,User924,user924@example.com
925,User925,user925@example.com
926,User926,user926@example.com
927,User927,user927@example.com
928,User928,user928@example.com
929,User929,user929@example.com
930,User930,user930@example.com
931,User931,user931@example.com
932,User932,user932@example.com
933,User933,user933@example.com
934,User934,user934@example.com
935,User935,user935@example.com
936,User936,user936@example.com
937,User937,user937@example.com
938,User938,user938@example.com
939,User939,user939@example.com
940,User940,user940@example.com
941,User941,user941@example.com
942,User942,user942@example.com
943,User943,user943@example.com
944,User944,user944@example.com
945,User945,user945@example.com
946,User946,user946@example.com
947,User947,user947@example.com
948,User948,user948@example.com
949,User949,user949@example.com
950,User950,user950@example.com
951,User951,user951@example.com
952,User952,user952@example.com
953,User953,user953@example.com
954,User954,user954@example.com
955,User955,user955@example.com
956,User956,user956@example.com
957,User957,user957@example.com
958,User958,user958@example.com
959,User959,user959@example.com
960,User960,user960@example.com
961,User961,user961@example.com
962,User962,user962@example.com
963,User963,user963@example.com
964,User964,user964@example.com
965,User965,user965@example.com
966,User966,user966@example.com
967,User967,user967@example.com
968,User968,user968@example.com
969,User969,user969@example.com
970,User970,user970@example.com
971,User971,user971@example.com
972,User972,user972@example.com
973,User973,user973@example.com
974,User974,user974@example.com
975,User975,user975@example.com
976,User976,user976@example.com
977,User977,user977@example.com
978,User978,user978@example.com
979,User979,user979@example.com
980,User980,user980@example.com
981,User981,user981@example.com
982,User982,user982@example.com
983,User983,user983@example.com
984,User984,user984@example.com
985,User985,user985@example.com
986,User986,user986@example.com
987,User987,user987@example.com
988,User988,user988@example.com
989,User989,user989@example.com
990,User990,user990@example.com
991,User991,user991@example.com
992,User992,user992@example.com
993,User993,user993@example.com
994,User994,user994@example.com
995,User995,user995@example.com
996,User996,user996@example.com
997,User997,user997@example.com
998,User998,user998@example.com
999,User999,user999@example.com
1000,User1000,user1000@example.com
